{"is_source_file": false, "format": "", "description": "", "external_files": [], "external_methods": [], "published": [], "classes": [], "methods": [], "calls": [], "search-terms": [], "state": 2, "file_id": 4, "knowledge_revision": 10, "git_revision": "0494cfba466e465a3c81fe05ff1c4767c3e899a0", "hash": "0c9f36dfd1a6dee9fa952c06ab7d9563", "format-version": 4, "code-base-name": "to_do_db", "filename": "to_do_db/db_visualizer/package.json", "revision_history": [{"10": "0494cfba466e465a3c81fe05ff1c4767c3e899a0"}]}