{"is_source_file": true, "format": "HTML", "description": "This is an HTML file that defines the structure and styling of a web-based database visualizer interface, including elements for database list, table display, and data rendering with interactive features. It contains embedded JavaScript to fetch and display database and table data dynamically.", "external_files": ["/api/databases", "/api/{db}/tables", "/api/{db}/tables/{tableName}/data"], "external_methods": ["fetchData(url)"], "published": [], "classes": [], "methods": [{"name": "loadDatabases", "description": "Fetches the list of databases from the API and populates the sidebar."}, {"name": "refreshDatabases", "description": "Refreshes the database list by reloading the databases from the backend."}, {"name": "toggleDatabase", "description": "Toggles the display of tables for a selected database."}, {"name": "loadTables", "description": "Fetches and displays the list of tables for a selected database."}, {"name": "loadTableData", "description": "Fetches and renders data for a selected table."}, {"name": "renderTable", "description": "Creates the HTML table to display data, including headers and rows."}, {"name": "renderCell", "description": "Renders individual cell content, handling objects, long strings, and nulls."}, {"name": "expandCell", "description": "Handles expanding or collapsing table cell contents for better readability."}], "calls": ["fetchData('/api/databases')", "fetchData(`/api/${db}/tables`)", "fetchData(`/api/${db}/tables/${tableName}/data?limit=50`)"], "search-terms": ["Database Viewer", "API fetch", "dynamic table rendering", "HTML interface", "database sidebar"], "state": 2, "file_id": 5, "knowledge_revision": 14, "git_revision": "0494cfba466e465a3c81fe05ff1c4767c3e899a0", "hash": "ee63333a4841bf025439c755a74c9881", "format-version": 4, "code-base-name": "to_do_db", "filename": "to_do_db/db_visualizer/public/index.html", "revision_history": [{"14": "0494cfba466e465a3c81fe05ff1c4767c3e899a0"}]}