{"is_source_file": true, "format": "bash", "description": "This is a shell script for automating backup of different types of databases (SQLite, PostgreSQL, MySQL, MongoDB). It detects the type of running database and performs the backup accordingly.", "external_files": ["/usr/lib/postgresql/", "/var/run/mysqld/mysqld.sock"], "external_methods": ["ls", "cp", "sudo -u postgres pg_isready", "pg_dump", "mysqladmin", "mysql", "mysqldump", "mongosh", "mongodump"], "published": [], "classes": [], "methods": [], "calls": ["ls", "cp", "sudo -u postgres pg_isready", "pg_dump", "mysqladmin ping", "mysqladmin ping", "mysql", "mysqldump", "mysql", "mysql", "mysqldump", "mysql", "mysql", "mongosh", "mongodump"], "search-terms": ["backup", "database", "SQLite", "PostgreSQL", "MySQL", "MongoDB", "shell script", "database detection"], "state": 2, "file_id": 2, "knowledge_revision": 12, "git_revision": "0494cfba466e465a3c81fe05ff1c4767c3e899a0", "hash": "7af9aa35fa4940f934d83f6e2621b732", "format-version": 4, "code-base-name": "to_do_db", "filename": "to_do_db/backup_db.sh", "revision_history": [{"12": "0494cfba466e465a3c81fe05ff1c4767c3e899a0"}]}