{"is_source_file": true, "format": "bash script", "description": "Universal database restore script that detects backup types and restores to various database systems (SQLite, PostgreSQL, MySQL, MongoDB).", "external_files": ["database_backup.db", "database_backup.sql", "database_backup.archive"], "external_methods": ["ls /usr/lib/postgresql/", "sudo -u postgres pg_isready", "psql", "mysqladmin", "mysql", "mongosh", "mongorestore"], "published": [], "classes": [], "methods": [], "calls": ["ls", "sudo -u postgres pg_isready", "psql", "mysqladmin", "mysql", "mongosh", "mongorestore"], "search-terms": ["restore_db", "database_restore", "backup_detect", "mysql_admin", "mongodb_restore", "sqlite_restore", "postgresql_restore"], "state": 2, "file_id": 7, "knowledge_revision": 13, "git_revision": "0494cfba466e465a3c81fe05ff1c4767c3e899a0", "hash": "67505395c0df4c9c001ab8f47571f3fb", "format-version": 4, "code-base-name": "to_do_db", "filename": "to_do_db/restore_db.sh", "revision_history": [{"13": "0494cfba466e465a3c81fe05ff1c4767c3e899a0"}]}