{"is_source_file": true, "format": "bash", "description": "A shell script to initialize and start a MongoDB server, create users, and configure connection parameters.", "external_files": ["db_connection.txt", "db_visualizer/mongodb.env"], "external_methods": ["mongosh", "pgrep", "lsof", "pkill", "sleep", "cat", "echo"], "published": [], "classes": [], "methods": [], "calls": ["mongosh", "pgrep", "lsof", "pkill", "sleep", "cat", "echo"], "search-terms": ["startup.sh", "mongodb", "MongoDB startup script", "database setup", "user creation", "bash script"], "state": 2, "file_id": 6, "knowledge_revision": 11, "git_revision": "0494cfba466e465a3c81fe05ff1c4767c3e899a0", "hash": "5c88115ecb130f24ae6bede778a1f58d", "format-version": 4, "code-base-name": "to_do_db", "filename": "to_do_db/startup.sh", "revision_history": [{"11": "0494cfba466e465a3c81fe05ff1c4767c3e899a0"}]}